名前,かな,緯度,経度,標高
知床岳,しれとこだけ,44.23583333333333,145.2738888888889,1254
硫黄山,いおうざん,44.13333333333333,145.1613888888889,1562
知円別岳,ちえんべつだけ,44.124722222222225,145.1686111111111,1544
サシルイ岳,さしるいだけ,44.09527777777778,145.1436111111111,1564
羅臼岳,らうすだけ,44.075833333333335,145.12222222222223,1661
遠音別岳,おんねべつだけ,43.99333333333333,145.01333333333332,1330
海別岳,うなべつだけ,43.87694444444445,144.87666666666667,1419
斜里岳,しゃりだけ,43.76555555555556,144.71777777777777,1547
標津岳,しべつだけ,43.668055555555554,144.70499999999998,1061
藻琴山,もことやま,43.70444444444445,144.3311111111111,1000
アトサヌプリ,あとさぬぷり,43.61027777777778,144.43861111111113,508
カムイヌプリ,かむいぬぷり,43.57222222222222,144.56083333333333,857
雄阿寒岳,おあかんだけ,43.45416666666667,144.16472222222222,1370
雌阿寒岳,めあかんだけ,43.38638888888889,144.00861111111112,1499
雌阿寒岳<阿寒富士>,めあかんだけ<あかんふじ>,43.37416666666667,144.0063888888889,1476
ウコタキヌプリ,うこたきぬぷり,43.208333333333336,143.79749999999999,747
礼文岳,れぶんだけ,45.3725,141.01583333333335,490
利尻山,りしりざん,45.17861111111111,141.24194444444444,1721
幌尻山,ぽろしりやま,45.16555555555556,142.00861111111112,427
パンケ山,ぱんけざん,44.856944444444444,142.1497222222222,632
ポロヌプリ山,ぽろぬぷりざん,44.961666666666666,142.42027777777776,841
敏音知岳,びんねしりだけ,44.893055555555556,142.23444444444442,703
函岳,はこだけ,44.66583333333333,142.41222222222223,1129
ピヤシリ山,ぴやしりやま,44.433611111111105,142.58416666666668,987
欝岳,うつだけ,44.291666666666664,143.0825,818
ウェンシリ岳,うぇんしりだけ,44.22888888888889,142.8763888888889,1142
渚滑岳,しょこつだけ,44.040277777777774,142.9175,1345
天塩岳,てしおだけ,43.964444444444446,142.88805555555555,1558
チトカニウシ山,ちとかにうしやま,43.906666666666666,143.04861111111111,1446
仁頃山,にころやま,43.87833333333333,143.71833333333333,829
ニセイカウシュッペ山,にせいかうしゅっぺやま,43.78,142.98527777777775,1883
武利岳,むりいだけ,43.73305555555556,143.17638888888888,1876
武華山,むかやま,43.70583333333334,143.16055555555556,1759
北見富士,きたみふじ,43.69361111111111,143.29583333333332,1291
大雪山<旭岳>,たいせつざん<あさひだけ>,43.66361111111111,142.85416666666666,2291
大雪山<黒岳>,たいせつざん<くろだけ>,43.6975,142.92027777777776,1984
大雪山<北鎮岳>,たいせつざん<ほくちんだけ>,43.69277777777778,142.87972222222223,2244
大雪山<愛別岳>,たいせつざん<あいべつだけ>,43.70777777777778,142.85722222222222,2113
大雪山<白雲岳>,たいせつざん<はくうんだけ>,43.66111111111111,142.90583333333333,2230
忠別岳,ちゅうべつだけ,43.59111111111111,142.89444444444445,1963
トムラウシ山,とむらうしやま,43.52722222222222,142.8488888888889,2141
オプタテシケ山,おぷたてしけやま,43.47027777777778,142.75166666666667,2013
美瑛岳,びえいだけ,43.44,142.70666666666665,2052
十勝岳,とかちだけ,43.41777777777777,142.6863888888889,2077
上ホロカメットク山,かみほろかめっとくやま,43.405,142.67166666666665,1920
富良野岳,ふらのだけ,43.39361111111111,142.635,1912
三国山,みくにやま,43.59527777777778,143.14638888888888,1541
石狩岳,いしかりだけ,43.54666666666667,143.02222222222224,1967
音更山,おとふけやま,43.56166666666666,143.03527777777776,1932
ニペソツ山,にぺそつやま,43.45583333333334,143.03222222222223,2013
ウペペサンケ山,うぺぺさんけやま,43.38944444444444,143.08194444444445,1848
東ヌプカウシヌプリ,ひがしぬぷかうしぬぷり,43.24583333333334,143.10222222222222,1252
佐幌岳,さほろだけ,43.17333333333333,142.78111111111113,1060
西クマネシリ岳,にしくまねしりだけ,43.51916666666666,143.23333333333332,1635
東三国山,ひがしみくにやま,43.50833333333333,143.4636111111111,1230
喜登牛山,きとうしやま,43.44777777777777,143.45638888888888,1312
ピッシリ山,ぴっしりざん,44.355555555555554,142.03194444444446,1032
三頭山,さんとうさん,44.09166666666667,142.08583333333334,1009
ポロシリ山,ぽろしりやま,43.962500000000006,141.8361111111111,730
暑寒別岳,しょかんべつだけ,43.715833333333336,141.52305555555557,1492
群別岳,くんべつだけ,43.68472222222222,141.48777777777775,1376
ピンネシリ,ぴんねしり,43.49194444444444,141.70666666666665,1100
イルムケップ山,いるむけっぷやま,43.62916666666667,142.11027777777778,864
富良野西岳,ふらのにしだけ,43.30916666666666,142.31166666666667,1331
芦別岳,あしべつだけ,43.23583333333333,142.2836111111111,1726
幾春別岳,いくしゅんべつだけ,43.22694444444445,142.15944444444446,1068
夕張岳,ゆうばりだけ,43.099722222222226,142.2511111111111,1668
ハッタオマナイ岳,はったおまないだけ,42.846944444444446,142.31305555555556,1021
トマム山,とまむさん,43.078611111111115,142.59611111111113,1239
芽室岳,めむろだけ,42.86888888888889,142.78527777777776,1754
剣山,つるぎやま,42.84861111111111,142.885,1205
チロロ岳,ちろろだけ,42.82555555555556,142.67527777777778,1880
ピパイロ岳,ぴぱいろだけ,42.77305555555555,142.7275,1916
戸蔦別岳,とったべつだけ,42.73861111111111,142.695,1959
幌尻岳,ぽろしりだけ,42.71944444444445,142.68277777777777,2052
エサオマントッタベツ岳,えさおまんとったべつだけ,42.689166666666665,142.7577777777778,1902
札内岳,さつないだけ,42.693888888888885,142.79666666666665,1895
十勝幌尻岳,とかちぽろしりだけ,42.69555555555555,142.85944444444445,1846
イドンナップ岳,いどんなっぷだけ,42.63027777777778,142.6486111111111,1752
カムイエクウチカウシ山,かむいえくうちかうしやま,42.625,142.76638888888888,1979
１８３９峰,いっぱさんきゅうほう,42.53944444444444,142.80805555555557,1842
ペテガリ岳,ぺてがりだけ,42.49944444444444,142.8711111111111,1736
中ノ岳,なかのだけ,42.46805555555556,142.88444444444443,1519
神威岳,かむいだけ,42.42833333333333,142.90694444444446,1600
ピリカヌプリ,ぴりかぬぷり,42.40222222222222,142.96666666666667,1631
楽古岳,らっこだけ,42.2725,143.11111111111111,1471
豊似岳,とよにだけ,42.07694444444445,143.23305555555555,1105
アポイ岳,あぽいだけ,42.10777777777778,143.02555555555557,810
藻岩山,もいわやま,43.0225,141.32222222222222,531
手稲山,ていねやま,43.07666666666667,141.1925,1023
余市岳,よいちだけ,43.032777777777774,141.01972222222224,1488
本倶登山,ぽんくとさん,42.95527777777778,140.9125,1009
無意根山,むいねやま,42.93083333333333,141.04055555555556,1464
札幌岳,さっぽろだけ,42.900277777777774,141.20055555555555,1293
空沼岳,そらぬまだけ,42.865,141.2536111111111,1251
恵庭岳,えにわだけ,42.79333333333333,141.28527777777776,1320
風不死岳,ふっぷしだけ,42.716944444444444,141.35888888888888,1102
樽前山,たるまえさん,42.690555555555555,141.37666666666667,1041
ホロホロ山,ほろほろやま,42.63361111111111,141.14249999999998,1322
余別岳,よべつだけ,43.26,140.45916666666665,1298
天狗岳,てんぐだけ,43.18472222222222,140.66083333333333,872
雷電山,らいでんやま,42.90361111111111,140.46972222222223,1211
目国内岳,めくんないだけ,42.89972222222222,140.51527777777778,1220
ニセコアンヌプリ,にせこあんぬぷり,42.875,140.6588888888889,1308
羊蹄山,ようていざん,42.82666666666667,140.8113888888889,1898
尻別岳,しりべつだけ,42.7725,140.9102777777778,1107
貫気別山,ぬっきべつやま,42.71,140.92277777777778,994
昆布岳,こんぶだけ,42.71027777777778,140.65555555555557,1045
昭和新山,しょうわしんざん,42.5425,140.86444444444444,398
有珠山<大有珠>,うすざん<おおうす>,42.54388888888889,140.83916666666667,733
母衣月山,ほろづきやま,42.769999999999996,140.21499999999997,504
大平山,おおびらやま,42.63583333333333,140.13555555555556,1191
狩場山,かりばやま,42.61333333333334,139.94055555555556,1520
毛無山,けなしやま,42.29527777777778,139.81055555555557,816
遊楽部岳,ゆうらっぷだけ,42.219166666666666,140.01055555555556,1277
乙部岳,おとべだけ,42.03944444444444,140.27472222222224,1017
駒ヶ岳<剣ヶ峯>,こまがたけ<けんがみね>,42.06333333333333,140.6772222222222,1131
横津岳,よこつだけ,41.937777777777775,140.7713888888889,1167
恵山,えさん,41.80472222222222,141.16611111111112,618
函館山,はこだてやま,41.75888888888889,140.70416666666665,334
八幡岳,はちまんだけ,41.85194444444445,140.23,665
桂岳,かつらだけ,41.78916666666667,140.46444444444444,734
七ッ岳,ななつだけ,41.62416666666667,140.21416666666664,957
大千軒岳,だいせんげんだけ,41.57944444444445,140.16083333333333,1072
岩部岳,いわべだけ,41.52722222222222,140.31083333333333,794
神威山,かむいやま,42.16027777777778,139.4427777777778,584
江良岳,えらだけ,41.51,139.36722222222224,732
燧岳,ひうちだけ,41.439166666666665,141.05305555555557,781
釜臥山,かまふせやま,41.27861111111111,141.12,878
桑畑山,くわはたやま,41.3875,141.44083333333333,400
吹越烏帽子,ふっこしえぼし,41.0375,141.31722222222223,508
丸屋形岳,まるやがただけ,41.15277777777778,140.58666666666667,718
四ッ滝山,よつだきやま,41.12166666666667,140.40055555555557,670
梵珠山,ぼんじゅさん,40.79972222222222,140.57555555555555,468
階上岳,はしかみだけ,40.40083333333333,141.58444444444444,739
名久井岳,なくいだけ,40.38805555555555,141.30833333333334,615
折爪岳,おりつめだけ,40.26888888888889,141.37444444444446,852
安家森,あっかもり,40.03805555555555,141.54111111111112,1239
遠島山,とおしまやま,40.02055555555555,141.64416666666665,1262
三巣子岳,みすごだけ,39.9,141.48555555555555,1181
姫神山,ひめかみさん,39.844166666666666,141.24694444444444,1124
堺ノ神岳,さかいのかみだけ,39.750277777777775,141.6263888888889,1319
害鷹森,がいたかもり,39.711666666666666,141.60444444444443,1304
青松葉山,あおまつばやま,39.6975,141.4836111111111,1365
峠ノ神山,とうげのかみやま,39.72694444444445,141.78111111111113,1229
早池峰山,はやちねさん,39.558611111111105,141.4886111111111,1917
薬師岳,やくしだけ,39.53,141.4958333333333,1645
十二神山,じゅうにしんざん,39.53861111111111,141.975,731
六角牛山,ろっこうしさん,39.318333333333335,141.65027777777777,1293
五葉山,ごようざん,39.20527777777778,141.73222222222222,1351
物見山,ものみやま,39.20111111111111,141.40166666666667,870
氷上山,ひかみさん,39.05888888888889,141.66055555555556,874
室根山,むろねさん,38.97527777777778,141.44722222222222,895
徳仙丈山,とくせんじょうやま,38.848333333333336,141.47,710
金華山,きんかさん,38.29527777777778,141.56666666666666,444
八甲田山<大岳>,はっこうださん<おおだけ>,40.65888888888889,140.87722222222223,1585
八甲田山<高田大岳>,はっこうださん<たかだおおだけ>,40.653067,140.907211,1559
櫛ヶ峯,くしがみね,40.60305555555556,140.8425,1517
戸来岳<三ッ岳>,へらいだけ<みつだけ>,40.45305555555556,141.0013888888889,1159
白地山,しろじやま,40.447222222222216,140.78805555555556,1034
中岳,なかだけ,40.24611111111111,140.94444444444446,1024
稲庭岳,いなにわだけ,40.198611111111106,141.04611111111112,1078
五ノ宮嶽,ごのみやだけ,40.145833333333336,140.84583333333333,1115
七時雨山,ななしぐれやま,40.06916666666667,141.10555555555555,1063
森吉山,もりよしざん,39.97666666666667,140.54416666666665,1454
焼山,やけやま,39.96388888888889,140.75694444444446,1366
八幡平,はちまんたい,39.95777777777778,140.85416666666666,1613
八幡平<茶臼岳>,はちまんたい<ちゃうすだけ>,39.950833333333335,140.89888888888888,1578
八幡平<畚岳>,はちまんたい<もっこだけ>,39.93583333333333,140.85055555555556,1578
大深岳,おおふかだけ,39.88111111111111,140.87972222222223,1541
岩手山,いわてさん,39.8525,141.0011111111111,2038
烏帽子岳,えぼしだけ,39.805,140.83861111111113,1478
駒ヶ岳<男女岳>,こまがたけ<おなめだけ>,39.76111111111111,140.79944444444445,1637
岩木山,いわきさん,40.655833333333334,140.30305555555557,1625
向白神岳,むかいしらかみだけ,40.52388888888889,140.04555555555555,1250
白神岳,しらかみだけ,40.5075,140.01833333333335,1235
二ッ森,ふたつもり,40.434999999999995,140.11777777777777,1086
駒ヶ岳,こまがたけ,40.41277777777778,140.2511111111111,1158
田代岳,たしろだけ,40.42861111111111,140.4088888888889,1178
房住山,ぼうじゅうさん,40.06055555555555,140.2161111111111,409
太平山,たいへいざん,39.79694444444444,140.31055555555557,1170
大仏岳,だいぶつだけ,39.81361111111111,140.51555555555555,1167
東光山,とうこうさん,39.406388888888884,140.16166666666666,594
八塩山,やしおやま,39.236666666666665,140.2277777777778,713
鳥海山<新山>,ちょうかいざん<しんざん>,39.09916666666667,140.04888888888888,2236
丁岳,ひのとだけ,39.03194444444444,140.21944444444443,1146
甑山<男甑山>,こしきやま<おとここしきやま>,39.011944444444445,140.31055555555557,981
加無山,かぶやま,39.00944444444445,140.2602777777778,997
寒風山,かんぷうざん,39.933611111111105,139.8752777777778,355
本山,ほんざん,39.90694444444444,139.7538888888889,715
東根山,あずまねやま,39.587500000000006,141.05972222222223,928
和賀岳,わがだけ,39.57027777777778,140.75416666666666,1439
真昼岳,まひるだけ,39.44777777777777,140.67666666666665,1059
黒森,くろもり,39.348333333333336,140.86833333333334,944
焼石岳,やけいしだけ,39.16361111111111,140.82888888888888,1547
栗駒山,くりこまやま,38.96083333333333,140.78833333333333,1626
高松岳,たかまつだけ,38.9675,140.6063888888889,1348
虎毛山,とらげさん,38.90472222222222,140.6188888888889,1433
荒雄岳,あらおだけ,38.83305555555556,140.69166666666666,984
神室山,かむろさん,38.90222222222222,140.4922222222222,1365
火打岳,ひうちだけ,38.84027777777778,140.44861111111112,1238
杢蔵山,もくぞうやま,38.78944444444444,140.4013888888889,1026
禿岳,かむろだけ,38.81083333333333,140.595,1261
箟岳山,ののだけやま,38.56583333333333,141.1786111111111,236
大高森,おおたかもり,38.34055555555556,141.1525,105
翁山,おきなさん,38.65083333333333,140.54472222222222,1075
薬萊山,やくらいさん,38.57555555555556,140.70527777777778,553
船形山,ふながたやま,38.455555555555556,140.62,1500
泉ヶ岳,いずみがたけ,38.411944444444444,140.70888888888888,1175
太白山,たいはくさん,38.235,140.80222222222224,321
大東岳,だいとうだけ,38.30222222222222,140.52361111111114,1365
蔵王山<熊野岳>,ざおうざん,38.14361111111111,140.44,1841
蔵王山<刈田岳>,ざおうざん,38.12777777777778,140.44805555555556,1758
蔵王山<屛風岳>,ざおうざん,38.09583333333334,140.47611111111112,1825
蔵王山<不忘山,ざおうざん,38.07555555555556,140.4788888888889,1705
青麻山,あおそやま,38.084722222222226,140.6075,799
栗子山,くりこやま,37.87444444444444,140.27,1217
信夫山,しのぶやま,37.770833333333336,140.46166666666664,275
西吾妻山,にしあづまやま,37.73833333333334,140.14083333333332,2035
西吾妻山<西大巓>,にしあづまやま<にしだいてん>,37.73388888888889,140.1277777777778,1982
西吾妻山<東大巓>,にしあづまやま<ひがしだいてん>,37.754444444444445,140.1888888888889,1928
東吾妻山,ひがしあづまやま,37.711666666666666,140.2302777777778,1975
東吾妻山<一切経山>,ひがしあづまやま<いっさいきょうざん>,37.73527777777778,140.24444444444444,1949
東吾妻山<吾妻小富士>,ひがしあづまやま<あづまこふじ>,37.72222222222222,140.26361111111112,1707
箕輪山,みのわやま,37.64722222222222,140.28083333333333,1728
安達太良山<鉄山>,あだたらやま<てつざん>,37.63305555555556,140.28305555555556,1709
安達太良山,あだたらやま,37.62111111111111,140.28777777777776,1700
磐梯山,ばんだいさん,37.60111111111111,140.07222222222222,1816
高館山s,たかだてやま,38.76305555555555,139.74749999999997,273
金峯山,きんぼうざん,38.68222222222222,139.79805555555555,471
羽黒山,はぐろさん,38.7025,139.98277777777778,414
月山,がっさん,38.54888888888889,140.02694444444447,1984
葉山,はやま,38.52916666666667,140.21055555555554,1462
温海岳,あつみだけ,38.62,139.63083333333333,736
摩耶山,まやさん,38.52027777777778,139.7277777777778,1020
以東岳,いとうだけ,38.34305555555556,139.8491666666667,1772
朝日岳<大朝日岳>,あさひだけ<おおあさひだけ>,38.260555555555555,139.92222222222222,1871
祝瓶山s,いわいがめやま,38.1975,139.87972222222223,1417
鷲ヶ巣山,わしがすやま,38.221944444444446,139.6688888888889,1093
新保岳,しんぼだけ,38.361111111111114,139.51083333333332,852
白鷹山,しらたかやま,38.22277777777778,140.17305555555555,994
杁差岳,えぶりさしだけ,37.942499999999995,139.60888888888888,1636
北股岳,きたまただけ,37.88,139.63861111111112,2025
飯豊山,いいでさん,37.85472222222222,139.7072222222222,2105
大日岳,だいにちだけ,37.83277777777778,139.6602777777778,2128
二王子岳,にのうじだけ,37.89972222222222,139.49916666666667,1420
五頭山,ごずさん,37.801111111111105,139.34555555555556,912
高陽山,こうようざん,37.72916666666667,139.6497222222222,1126
飯森山,いいもりさん,37.81388888888888,139.92555555555555,1595
霊山,りょうぜん,37.76888888888889,140.6875,825
日山,ひやま,37.543055555555554,140.6836111111111,1057
鎌倉岳,かまくらだけ,37.466944444444444,140.6888888888889,967
大滝根山,おおたきねやま,37.355000000000004,140.70166666666665,1192
屹兎屋山,きっとやさん,37.21055555555556,140.8675,875
蓬田岳,よもぎだだけ,37.26583333333333,140.53472222222223,952
三大明神山,さんだいみょうじんやま,37.051944444444445,140.7625,706
竪破山,たつわれさん,36.71083333333333,140.56222222222223,658
男体山,なんたいさん,36.72416666666667,140.41972222222222,654
高鈴山,たかすずやま,36.62111111111111,140.58777777777777,623
八溝山,やみぞさん,36.930277777777775,140.27305555555557,1022
吾国山,わがくにさん,36.32194444444445,140.2011111111111,518
加波山,かばさん,36.29888888888889,140.1436111111111,709
筑波山,つくばさん,36.22527777777778,140.10666666666665,877
三本槍岳,さんぼんやりだけ,37.150277777777774,139.96138888888888,1917
那須岳<茶臼岳>,なすだけ<ちゃうすだけ>,37.124722222222225,139.96305555555554,1915
男鹿岳,おがたけ,37.08527777777778,139.82194444444445,1777
大佐飛山,おおさびやま,37.06361111111111,139.84444444444446,1908
高原山<釈迦ヶ岳>,たかはらやま<しゃかがだけ>,36.9,139.77666666666667,1795
女峰山,にょほうさん,36.811388888888885,139.5363888888889,2483
女峰山<大真名子山>,にょほうさん<おおまなごさん>,36.79527777777778,139.50722222222223,2376
女峰山<小真名子山>,にょほうさん<こまなごさん>,36.80722222222222,139.51083333333332,2323
太郎山,たろうさん,36.81777777777778,139.48277777777778,2368
男体山,なんたいさん,36.765,139.4908333333333,2486
白根山,しらねさん,36.79861111111111,139.37583333333333,2578
皇海山,すかいさん,36.69,139.33694444444444,2144
庚申山,こうしんざん,36.67305555555555,139.36111111111111,1892
袈裟丸山,けさまるやま,36.64944444444444,139.32722222222222,1961
横根山,よこねやま,36.61972222222222,139.52222222222224,1373
赤城山<黒檜山>,あかぎさん<くろびさん>,36.56027777777778,139.19333333333333,1828
赤城山<地蔵岳>,あかぎさん<じぞうだけ>,36.54111111111111,139.1772222222222,1674
博士山,はかせやま,37.363055555555555,139.7147222222222,1482
小野岳,おのだけ,37.325833333333335,139.88666666666666,1383
七ヶ岳<一番岳>,ななつがたけ<いちばんだけ>,37.12416666666667,139.6575,1636
荒海山,あらかいざん,37.03611111111111,139.6436111111111,1581
田代山,たしろやま,36.974444444444444,139.47833333333332,1971
帝釈山,たいしゃくざん,36.969722222222224,139.45999999999998,2060
黒岩山,くろいわやま,36.90888888888889,139.3936111111111,2163
鬼怒沼山,きぬぬまやま,36.882777777777775,139.37166666666667,2141
朝日岳,あさひだけ,37.221111111111114,139.33972222222224,1624
丸山岳,まるやまだけ,37.172777777777775,139.33472222222224,1820
駒ヶ岳,こまがたけ,37.0475,139.3536111111111,2133
平ヶ岳,ひらがたけ,37.00194444444445,139.17083333333332,2141
景鶴山,けいづるやま,36.956944444444446,139.21055555555554,2004
燧ヶ岳<柴安嵓>,ひうちがたけ<しばやすぐら>,36.955000000000005,139.28527777777776,2356
至仏山,しぶつさん,36.90361111111111,139.17333333333332,2228
武尊山,ほたかやま,36.805277777777775,139.13250000000002,2158
御神楽岳,みかぐらだけ,37.52194444444444,139.42583333333332,1386
粟ヶ岳,あわがたけ,37.555277777777775,139.18861111111113,1293
矢筈岳,やはずだけ,37.5125,139.26611111111112,1257
守門岳,すもんだけ,37.397777777777776,139.13666666666666,1537
浅草岳,あさくさだけ,37.343611111111116,139.2336111111111,1585
毛猛山,けもうやま,37.25666666666667,139.17527777777778,1517
未丈ヶ岳,みじょうがたけ,37.18333333333333,139.18944444444446,1553
駒ヶ岳,こまがたけ,37.12361111111111,139.07527777777779,2003
八海山<入道岳>,はっかいさん<にゅうどうだけ>,37.10388888888889,139.02472222222224,1778
中ノ岳,なかのだけ,37.08527777777778,139.0775,2085
荒沢岳,あらさわだけ,37.10055555555556,139.14805555555554,1969
下津川山,しもつごうやま,36.99472222222222,139.05,1928
巻機山,まきはたやま,36.978611111111114,138.96416666666664,1967
大源太山,だいげんたさん,36.902499999999996,138.92694444444444,1598
朝日岳,あさひだけ,36.88055555555555,138.9725,1945
朝日岳<白毛門>,あさひだけ<しらがもん>,36.859722222222224,138.96722222222223,1720
谷川岳<茂倉岳>,たにがわだけ<しげくらだけ>,36.84916666666667,138.91666666666666,1978
谷川岳<一ノ倉岳>,たにがわだけ<いちのくらだけ>,36.84722222222222,138.92444444444445,1974
谷川岳<オキノ耳>,たにがわだけ<おきのみみ>,36.83722222222222,138.92999999999998,1977
万太郎山,まんたろうさん,36.82416666666667,138.87916666666666,1954
仙ノ倉山,せんのくらやま,36.8175,138.83944444444447,2026
吾妻耶山,あづまやさん,36.74638888888889,138.9272222222222,1341
苗場山,なえばさん,36.84583333333334,138.6902777777778,2145
佐武流山,さぶりゅうやま,36.77222222222222,138.67055555555555,2192
白砂山,しらすなやま,36.738055555555555,138.69361111111112,2140
鳥甲山,とりかぶとやま,36.83916666666667,138.5838888888889,2038
高社山,こうしゃさん,36.799166666666665,138.4038888888889,1351
岩菅山<裏岩菅山>,いわすげやま<うらいわすげやま>,36.75277777777778,138.56805555555556,2341
岩菅山,いわすげやま,36.74194444444444,138.55944444444447,2295
志賀山,しがやま,36.70027777777778,138.51583333333335,2037
笠ヶ岳,かさがたけ,36.67666666666666,138.4813888888889,2076
横手山,よこてやま,36.66888888888889,138.52583333333334,2307
白根山,しらねさん,36.64388888888889,138.5277777777778,2160
本白根山,もとしらねさん,36.62277777777778,138.53194444444446,2171
四阿山,あずまやさん,36.541666666666664,138.41305555555556,2354
四阿山<根子岳>,あずまやさん<ねこだけ>,36.549166666666665,138.39527777777778,2207
湯ノ丸山,ゆのまるやま,36.43472222222222,138.4011111111111,2101
篭ノ登山<東篭ノ登山>,かごのとやま<ひがしかごのとやま>,36.419444444444444,138.44722222222222,2228
浅間山,あさまやま,36.406666666666666,138.52305555555557,2568
浅間隠山,あさまかくしやま,36.453611111111115,138.6525,1757
鼻曲山,はなまがりやま,36.41083333333333,138.64555555555555,1655
榛名山<掃部ヶ岳>,はるなさん<かもんがたけ>,36.4775,138.85083333333333,1449
子持山,こもちやま,36.591944444444444,138.99777777777777,1296
妙義山<相馬岳>,みょうぎさん<そうまだけ>,36.29861111111111,138.74888888888887,1104
荒船山,あらふねやま,36.20388888888889,138.63722222222222,1423
赤久縄山,あかぐなやま,36.14361111111111,138.84333333333333,1523
御荷鉾山<西御荷鉾山>,みかぼやま<にしみかぼやま>,36.15222222222222,138.91833333333332,1287
二子山,ふたごやま,36.069722222222225,138.8636111111111,1166
両神山,りょうかみさん,36.02333333333333,138.8413888888889,1723
御座山,おぐらさん,36.03388888888889,138.60666666666665,2112
三宝山,さんぽうやま,35.9175,138.7277777777778,2483
甲武信ヶ岳,こぶしがたけ,35.90888888888889,138.7288888888889,2475
横尾山,よこおやま,35.91888888888889,138.5211111111111,1818
瑞牆山,みずがきやま,35.89333333333333,138.59194444444447,2230
金峰山,きんぷさん,35.87138888888889,138.6252777777778,2599
朝日岳,あさひだけ,35.87444444444444,138.64249999999998,2579
国師ヶ岳,こくしがたけ,35.87083333333334,138.67305555555555,2592
北奥千丈岳,きたおくせんじょうだけ,35.868611111111115,138.67083333333332,2601
乾徳山,けんとくさん,35.823055555555555,138.71499999999997,2031
小楢山,こならやま,35.781666666666666,138.66416666666666,1713
茅ヶ岳,かやがたけ,35.794999999999995,138.51388888888889,1704
堂平山,どうだいらさん,36.005833333333335,139.19,876
武甲山,ぶこうさん,35.95166666666667,139.0977777777778,1304
伊豆ヶ岳,いずがたけ,35.926944444444445,139.16055555555556,851
川乗山,かわのりやま,35.850833333333334,139.10694444444445,1363
酉谷山,とりだにやま,35.89722222222222,139.0102777777778,1718
雲取山,くもとりやま,35.855555555555554,138.9438888888889,2017
白石山,はくせきさん,35.89944444444444,138.87805555555556,2036
唐松尾山,からまつおやま,35.867777777777775,138.8452777777778,2109
大洞山,おおぼらやま,35.84,138.89222222222222,2077
鶏冠山,けいかんやま,35.78861111111111,138.83583333333334,1716
大菩薩嶺,だいぼさつれい,35.74888888888889,138.84555555555556,2057
小金沢山,こがねざわやま,35.716944444444444,138.85666666666665,2014
雁ケ腹摺山,がんがはらすりやま,35.68694444444444,138.885,1874
権現山,ごんげんやま,35.66777777777777,139.0213888888889,1312
権現山<扇山>,ごんげんやま<おうぎやま>,35.63722222222222,139.01388888888889,1138
三頭山,みとうさん,35.73916666666667,139.01388888888889,1531
大岳山,おおだけさん,35.765277777777776,139.1302777777778,1266
陣馬山,じんばさん,35.65222222222222,139.16666666666666,855
高尾山,たかおさん,35.625277777777775,139.2436111111111,599
清澄山<妙見山>,きよすみやま<みょうけんやま>,35.1625,140.15222222222224,377
鹿野山,かのうざん,35.25555555555555,139.97166666666666,379
鋸山,のこぎりやま,35.16027777777778,139.84083333333334,329
富山,とみさん,35.098888888888894,139.8813888888889,349
伊予ヶ岳,いよがたけ,35.10722222222223,139.9138888888889,336
愛宕山,あたごやま,35.115,139.98694444444442,408
大山,おおやま,34.96416666666667,139.7777777777778,193
大楠山,おおぐすやま,35.25,139.62805555555556,241
大山,おおやま,35.44083333333333,139.2313888888889,1252
丹沢山<蛭ヶ岳>,たんざわさん<ひるがたけ>,35.48638888888889,139.13888888888889,1673
丹沢山,たんざわさん,35.47416666666667,139.1627777777778,1567
丹沢山<塔ノ岳,たんざわさん<とうのだけ,35.45416666666667,139.16333333333333,1491
大室山,おおむろやま,35.51083333333333,139.0686111111111,1587
御正体山,みしょうたいやま,35.48694444444445,138.93166666666664,1681
菰釣山,こもつるしやま,35.46388888888889,138.97861111111112,1379
三ッ峠山,みつとうげやま,35.549166666666665,138.80916666666667,1785
黒岳,くろたけ,35.551944444444445,138.74944444444444,1793
黒岳<釈迦ヶ岳>,くろたけ<しゃかがたけ>,35.56305555555555,138.72027777777777,1641
節刀ヶ岳,せっとうがたけ,35.52861111111111,138.68333333333334,1736
富士山<剣ヶ峯>,ふじさん<けんがみね>,35.36083333333333,138.7275,3776
愛鷹山<越前岳>,あしたかやま<えちぜんだけ>,35.238055555555555,138.7938888888889,1504
毛無山,けなしやま,35.41583333333333,138.5438888888889,1964
天子ヶ岳,てんしがたけ,35.32916666666667,138.53666666666666,1330
箱根山<神山>,はこねやま<かみやま>,35.233333333333334,139.02083333333334,1438
箱根山<金時山>,はこねやま<きんときざん>,35.28972222222222,139.005,1212
玄岳,くろたけ,35.08166666666667,139.02805555555557,798
大室山,おおむろやま,34.903055555555554,139.09472222222223,580
天城山<万三郎岳>,あまぎさん<ばんざぶろうだけ>,34.86277777777778,139.00166666666667,1406
達磨山,だるまやま,34.955000000000005,138.83916666666667,982
長九郎山,ちょうくろうやま,34.788333333333334,138.86805555555557,996
三原山<三原新山>,みはらやま<みはらしんざん>,34.724444444444444,139.39444444444445,758
宮塚山,みやつかやま,34.52027777777778,139.27916666666667,508
天上山,てんじょうさん,34.21944444444445,139.15305555555557,572
雄山,おやま,34.093611111111116,139.52611111111113,775
御山,おやま,33.87444444444444,139.60194444444443,851
西山,にしやま,33.136944444444445,139.76611111111112,854
硫黄山,いおうやま,30.483888888888888,140.30305555555557,394
中央山,ちゅうおうざん,27.073333333333334,142.2186111111111,320
乳房山,ちぶさやま,26.659444444444443,142.1613888888889,463
榊ヶ峰,さかきがみね,25.428055555555556,141.28083333333333,792
摺鉢山,すりばちやま,24.750555555555554,141.28916666666666,170
南硫黄島,みなみいおうとう,24.233888888888888,141.4633333333333,916
金北山,きんぽくさん,38.10388888888889,138.34972222222223,1172
大地山,おおじやま,37.95861111111111,138.47972222222222,646
弥彦山,やひこやま,37.70472222222222,138.8088888888889,634
米山,よねやま,37.28944444444444,138.48388888888888,993
黒姫山,くろひめさん,37.226111111111116,138.59222222222223,891
菱ヶ岳,ひしがたけ,37.032222222222224,138.4933333333333,1129
斑尾山,まだらおやま,36.837500000000006,138.27444444444447,1382
鉾ヶ岳,ほこがたけ,37.02861111111111,138.0263888888889,1316
駒ヶ岳,こまがたけ,36.94277777777778,137.94833333333332,1498
鋸岳,のこぎりだけ,36.93194444444444,137.9688888888889,1631
焼山,やけやま,36.920833333333334,138.03583333333333,2400
雨飾山,あまかざりやま,36.901944444444446,137.96249999999998,1963
火打山,ひうちやま,36.922777777777775,138.06805555555556,2462
妙高山,みょうこうさん,36.89138888888889,138.11333333333332,2454
黒姫山,くろひめやま,36.81333333333333,138.12722222222223,2053
高妻山,たかつまやま,36.8,138.05194444444444,2353
戸隠山,とがくしやま,36.77027777777778,138.055,1904
飯縄山,いいづなやま,36.739444444444445,138.1336111111111,1917
虫倉山,むしくらやま,36.64972222222222,138.01916666666668,1378
聖山,ひじりやま,36.48416666666667,138.0213888888889,1447
冠着山,かむりきやま,36.46888888888889,138.10666666666665,1252
美ヶ原<王ヶ頭>,うつくしがはら<おうがとう>,36.225833333333334,138.1075,2034
鉢伏山,はちぶせやま,36.16305555555555,138.05916666666667,1929
霧ヶ峰<車山>,きりがみね<くるまやま>,36.10305555555556,138.19666666666666,1925
蓼科山,たてしなやま,36.103611111111114,138.295,2531
横岳,よこだけ,36.087500000000006,138.32,2480
縞枯山,しまがれやま,36.07555555555556,138.3311111111111,2403
天狗岳,てんぐだけ,36.01916666666666,138.35555555555555,2646
峰の松目,みねのまつめ,35.996944444444445,138.35055555555556,2568
硫黄岳,いおうだけ,35.99861111111111,138.37,2760
横岳,よこだけ,35.98583333333333,138.3727777777778,2830
赤岳,あかだけ,35.97083333333334,138.37,2899
阿弥陀岳,あみだだけ,35.97222222222222,138.35888888888888,2805
権現岳,ごんげんだけ,35.94972222222222,138.35972222222222,2715
権現岳<西岳>,ごんげんだけ<にしだけ>,35.95,138.335,2398
権現岳<三ッ頭>,ごんげんだけ<みつがしら>,35.94222222222222,138.36388888888888,2580
編笠山,あみがさやま,35.94166666666666,138.345,2524
黒姫山,くろひめやま,36.97666666666667,137.79,1221
明星山,みょうじょうさん,36.94083333333333,137.82194444444445,1188
犬ヶ岳,いぬがだけ,36.90694444444444,137.71555555555554,1592
朝日岳,あさひだけ,36.82666666666667,137.73,2418
雪倉岳,ゆきくらだけ,36.79472222222222,137.75416666666666,2611
鉢ヶ岳,はちがたけ,36.780277777777776,137.74944444444444,2563
小蓮華山,これんげさん,36.77361111111111,137.77611111111113,2766
乗鞍岳,のりくらだけ,36.78861111111111,137.79916666666668,2469
風吹岳,かざふきだけ,36.814166666666665,137.8388888888889,1888
白馬岳,しろうまだけ,36.75861111111111,137.75861111111112,2932
旭岳,あさひだけ,36.757777777777775,137.7458333333333,2867
清水岳,しょうずだけ,36.764722222222225,137.7188888888889,2603
杓子岳,しゃくしだけ,36.74055555555556,137.75916666666666,2812
鑓ヶ岳,やりがたけ,36.731388888888894,137.7552777777778,2903
唐松岳,からまつだけ,36.68722222222222,137.75472222222223,2696
五龍岳,ごりゅうだけ,36.65833333333333,137.75277777777777,2814
鹿島槍ヶ岳,かしまやりがたけ,36.62444444444444,137.74694444444444,2889
爺ヶ岳,じいがたけ,36.58833333333334,137.75083333333333,2670
岩小屋沢岳,いわごやざわだけ,36.57694444444445,137.7133333333333,2630
鳴沢岳,なるさわだけ,36.56861111111112,137.69555555555556,2641
赤沢岳,あかざわだけ,36.56194444444444,137.6875,2678
スバリ岳,すばりだけ,36.54416666666666,137.685,2752
針ノ木岳,はりのきだけ,36.53805555555555,137.68444444444444,2821
蓮華岳,れんげだけ,36.53583333333333,137.71055555555554,2799
北葛岳,きたくずだけ,36.5175,137.70555555555555,2551
不動岳,ふどうだけ,36.49527777777778,137.66722222222222,2601
南沢岳,みなみさわだけ,36.49,137.65305555555557,2626
烏帽子岳,えぼしだけ,36.47944444444445,137.65083333333334,2628
三ッ岳,みつだけ,36.45472222222222,137.64944444444444,2845
野口五郎岳,のぐちごろうだけ,36.43277777777777,137.63777777777776,2924
南真砂岳,みなみまさごだけ,36.413333333333334,137.64166666666665,2713
赤牛岳,あかうしだけ,36.461666666666666,137.60333333333332,2864
水晶岳,すいしょうだけ,36.42638888888889,137.60277777777776,2986
祖父岳,じいだけ,36.41111111111111,137.59111111111113,2825
鷲羽岳,わしばだけ,36.403055555555554,137.6052777777778,2924
三俣蓮華岳,みつまたれんげだけ,36.39,137.58777777777777,2841
僧ヶ岳,そうがだけ,36.76166666666666,137.56361111111113,1855
毛勝山,けかつやま,36.70111111111111,137.59083333333334,2415
猫又山,ねこまたやま,36.68111111111111,137.5902777777778,2378
池平山,いけのだいらやま,36.64111111111111,137.62583333333333,2561
剱岳,つるぎだけ,36.623333333333335,137.61694444444444,2999
別山,べっさん,36.597500000000004,137.62027777777777,2880
剱御前,つるぎごぜん,36.6025,137.60888888888888,2777
奥大日岳,おくだいにちだけ,36.598333333333336,137.58083333333332,2611
大日岳,だいにちだけ,36.599444444444444,137.55,2501
真砂岳,まさごだけ,36.586666666666666,137.62,2861
立山<大汝山>,たてやま<おおなんじやま>,36.575833333333335,137.61972222222224,3015
国見岳,くにみだけ,36.571111111111115,137.58972222222224,2621
龍王岳,りゅうおうだけ,36.56472222222222,137.60722222222222,2872
龍王岳<浄土山>,りゅうおうだけ<じょうどさん>,36.568333333333335,137.6036111111111,2831
鷲岳,わしだけ,36.54194444444444,137.58722222222224,2617
鳶山,とんびやま,36.534166666666664,137.58583333333334,2616
越中沢岳,えっちゅうざわだけ,36.515,137.58305555555555,2592
鍬崎山,くわさきやま,36.54,137.47805555555556,2090
薬師岳,やくしだけ,36.46888888888889,137.54472222222222,2926
北ノ俣岳,きたのまただけ,36.42111111111111,137.51222222222222,2662
黒部五郎岳,くろべごろうだけ,36.3925,137.54,2840
双六岳,すごろくだけ,36.371944444444445,137.58722222222224,2860
樅沢岳,もみさわだけ,36.36666666666667,137.60777777777778,2755
弓折岳,ゆみおりだけ,36.349444444444444,137.59666666666666,2592
抜戸岳,ぬけどだけ,36.32777777777778,137.575,2813
笠ヶ岳,かさがたけ,36.315555555555555,137.55027777777778,2898
錫杖岳,しゃくじょうだけ,36.28194444444444,137.54722222222222,2168
硫黄岳,いおうだけ,36.38055555555555,137.65055555555557,2554
唐沢岳,からさわだけ,36.461111111111116,137.71666666666667,2633
餓鬼岳,がきだけ,36.447222222222216,137.7361111111111,2647
燕岳,つばくろだけ,36.40694444444444,137.71277777777777,2763
有明山,ありあけやま,36.39111111111111,137.77055555555557,2268
大天井岳,だいてんじょうだけ,36.365,137.7011111111111,2922
東天井岳,ひがしてんじょうだけ,36.35333333333333,137.71555555555554,2814
横通岳,よことおしだけ,36.3425,137.72694444444446,2767
常念岳,じょうねんだけ,36.32555555555556,137.7275,2857
蝶ヶ岳,ちょうがたけ,36.2875,137.72611111111112,2677
大滝山,おおたきやま,36.274166666666666,137.7433333333333,2616
赤岩岳,あかいわだけ,36.343333333333334,137.68416666666667,2769
西岳,にしだけ,36.33722222222222,137.67944444444444,2758
赤沢山,あかさわやま,36.32916666666667,137.6797222222222,2670
槍ヶ岳,やりがたけ,36.341944444444444,137.64749999999998,3180
大喰岳,おおばみだけ,36.33583333333333,137.64583333333331,3101
中岳,なかだけ,36.32972222222222,137.64666666666665,3084
南岳,みなみだけ,36.31888888888889,137.65083333333334,3033
北穂高岳,きたほたかだけ,36.302499999999995,137.65194444444444,3106
涸沢岳,からさわだけ,36.295833333333334,137.64694444444444,3110
奥穂高岳,おくほたかだけ,36.28916666666667,137.64805555555554,3190
前穂高岳,まえほたかだけ,36.28194444444444,137.66055555555556,3090
西穂高岳,にしほたかだけ,36.278888888888886,137.62916666666666,2909
焼岳,やけだけ,36.22694444444445,137.58694444444444,2455
霞沢岳,かすみざわだけ,36.221111111111114,137.64055555555555,2646
十石山,じゅっこくやま,36.16361111111111,137.59055555555557,2525
輝山,てらしやま,36.19416666666666,137.52222222222224,2063
乗鞍岳<剣ヶ峰>,のりくらだけ<けんがみね>,36.10638888888889,137.5536111111111,3026
鎌ヶ峰,かまがみね,36.026666666666664,137.5991666666667,2121
鉢盛山,はちもりやま,36.086666666666666,137.75472222222223,2447
御嶽山<剣ヶ峰>,おんたけさん<けんがみね>,35.89277777777778,137.4802777777778,3067
小秀山,こひでやま,35.785555555555554,137.39694444444444,1982
奥三界岳,おくさんがいだけ,35.681666666666665,137.50722222222223,1811
尾城山,おしろやま,35.69583333333333,137.3438888888889,1133
二ッ森山,ふたつもりやま,35.57194444444445,137.40027777777777,1223
経ヶ岳,きょうがたけ,35.91277777777778,137.86249999999998,2296
大棚入山,おおだないりやま,35.84805555555556,137.81,2375
将棊頭山,しょうぎがしらやま,35.80333333333333,137.82694444444445,2730
将棊頭山<茶臼山>,しょうぎがしらやま<ちゃうすやま>,35.81472222222222,137.82166666666666,2658
駒ヶ岳,こまがたけ,35.78944444444444,137.80444444444444,2956
駒ヶ岳<宝剣岳>,こまがたけ<ほうけんだけ>,35.78138888888889,137.80916666666667,2931
駒ヶ岳<麦草岳>,こまがたけ<むぎくさだけ>,35.79666666666667,137.7861111111111,2733
三沢岳,さんのさわだけ,35.766666666666666,137.79416666666665,2847
檜尾岳,ひのきおだけ,35.75194444444445,137.81333333333333,2728
熊沢岳,くまざわだけ,35.73916666666667,137.80333333333334,2778
東川岳,ひがしかわだけ,35.72527777777778,137.80555555555557,2671
空木岳,うつぎだけ,35.71888888888889,137.81722222222223,2864
南駒ヶ岳,みなみこまがたけ,35.70138888888889,137.81083333333333,2841
南駒ヶ岳<赤梛岳>,みなみこまがたけ<あかなぎだけ>,35.70611111111111,137.81555555555556,2798
仙涯嶺,せんがいれい,35.69222222222222,137.81361111111113,2734
越百山,こすもやま,35.67944444444444,137.80333333333334,2614
安平路山,あんぺいじやま,35.63055555555555,137.77444444444447,2363
摺古木山,すりこぎやま,35.61277777777778,137.73749999999998,2169
南木曽岳,なぎそだけ,35.5925,137.64416666666665,1679
風越山,かざこしやま,35.54944444444444,137.7838888888889,1535
恵那山,えなさん,35.44361111111111,137.59722222222223,2191
守屋山,もりやさん,35.9675,138.09333333333333,1651
入笠山,にゅうがさやま,35.896388888888886,138.17166666666665,1955
鋸岳,のこぎりだけ,35.778888888888886,138.20999999999998,2685
駒ヶ岳,こまがたけ,35.75805555555556,138.23666666666665,2967
駒津峰,こまつみね,35.75472222222222,138.23083333333332,2752
双児山,ふたごやま,35.75083333333333,138.2213888888889,2649
アサヨ峰,あさよみね,35.73166666666667,138.24138888888888,2799
アサヨ峰<栗沢山>,あさよみね<くりさわやま>,35.738055555555555,138.23416666666665,2714
高嶺,たかみね,35.709722222222226,138.28777777777776,2779
地蔵ヶ岳,じぞうがたけ,35.71222222222222,138.29861111111111,2764
観音ヶ岳,かんのんがだけ,35.70166666666667,138.30472222222224,2841
薬師ヶ岳,やくしがだけ,35.69611111111111,138.31166666666667,2780
辻山,つじやま,35.67638888888889,138.32194444444445,2585
櫛形山,くしがたやま,35.586666666666666,138.36916666666667,2052
仙丈ヶ岳,せんじょうがたけ,35.72,138.1836111111111,3033
伊那荒倉岳,いなあらくらだけ,35.689166666666665,138.19416666666666,2519
小太郎山,こたろうやま,35.700833333333335,138.23999999999998,2725
北岳,きただけ,35.67444444444444,138.23888888888888,3193
間ノ岳,あいのだけ,35.64611111111111,138.22833333333332,3190
農鳥岳<西農鳥岳>,のうとりだけ<にしのうとりだけ>,35.624722222222225,138.2302777777778,3051
農鳥岳,のうとりだけ,35.62111111111111,138.23694444444442,3026
大唐松山,おおからまつやま,35.62166666666667,138.26944444444445,2561
広河内岳,ひろごうちだけ,35.60611111111111,138.23583333333332,2895
大籠岳,おおかごだけ,35.59305555555556,138.2433333333333,2767
笹山,ささやま,35.571111111111115,138.24388888888888,2733
黒檜山,くろべいやま,35.644444444444446,138.1861111111111,2541
安倍荒倉岳,あべあらくらだけ,35.62305555555555,138.20305555555555,2693
新蛇抜山,しんじゃぬけやま,35.60722222222223,138.20527777777778,2667
北荒川岳,きたあらかわだけ,35.594722222222224,138.19444444444446,2698
塩見岳,しおみだけ,35.573056,138.183611,3052
蝙蝠岳,こうもりだけ,35.55694444444444,138.2072222222222,2865
徳右衛門岳,とくえもんだけ,35.53944444444444,138.2263888888889,2599
本谷山,ほんたにやま,35.57083333333334,138.15166666666667,2658
戸倉山,とくらやま,35.745,138.05194444444444,1681
烏帽子岳,えぼしだけ,35.55361111111111,138.1536111111111,2726
小河内岳,こごうちだけ,35.53777777777778,138.15305555555557,2802
小日影山,こひかげやま,35.525277777777774,138.1263888888889,2506
大日影山,おおひかげやま,35.52222222222222,138.13833333333332,2573
板屋岳,いたやだけ,35.518055555555556,138.1461111111111,2646
東岳,ひがしだけ,35.50083333333333,138.1825,3141
荒川岳<中岳>,あらかわだけ<なかだけ>,35.49666666666667,138.16694444444443,3084
荒川岳<前岳>,あらかわだけ<まえだけ>,35.494166666666665,138.16416666666666,3068
赤石岳,あかいしだけ,35.461111111111116,138.15722222222223,3121
奥茶臼山,おくちゃうすやま,35.485,138.06916666666666,2474
鬼面山,きめんざん,35.49194444444444,137.99027777777778,1890
大沢岳,おおさわだけ,35.44888888888889,138.12027777777777,2820
中盛丸山,なかもりまるやま,35.44277777777778,138.12194444444447,2807
兎岳,うさぎだけ,35.42861111111111,138.1211111111111,2818
聖岳<前聖岳>,ひじりだけ<まえひじりだけ>,35.422777777777775,138.13972222222222,3013
上河内岳,かみこうちだけ,35.38972222222222,138.15277777777777,2803
茶臼岳,ちゃうすだけ,35.369166666666665,138.14055555555555,2604
仁田岳,にっただけ,35.36083333333333,138.12722222222223,2524
光岳,てかりだけ,35.338055555555556,138.0838888888889,2592
池口岳,いけぐちだけ,35.33027777777778,138.03833333333333,2392
白倉山,しらくらやま,35.30166666666666,137.9922222222222,1851
熊伏山,くまぶしやま,35.263333333333335,137.89499999999998,1654
大無間山,だいむげんざん,35.25611111111111,138.16166666666666,2330
不動岳,ふどうがたけ,35.23555555555556,138.04111111111112,2172
黒法師岳,くろぼうしがたけ,35.19611111111111,138.02944444444447,2068
蕎麦粒山,そばつぶやま,35.126111111111115,138.03527777777776,1627
高塚山,たかつかやま,35.11555555555556,138.0036111111111,1621
京丸山,きょうまるやま,35.096111111111114,137.96583333333334,1470
秋葉山,あきはさん,34.98166666666667,137.8661111111111,885
八高山,はっこうさん,34.9075,138.05666666666667,832
笊ヶ岳,ざるがたけ,35.424166666666665,138.25944444444445,2629
布引山,ぬのびきやま,35.40861111111111,138.25833333333333,2584
青薙山,あおなぎやま,35.36972222222222,138.22861111111112,2406
身延山,みのぶさん,35.3975,138.4163888888889,1153
七面山,しちめんざん,35.36944444444445,138.3488888888889,1989
山伏,やんぶし,35.30444444444444,138.28527777777776,2013
十枚山,じゅうまいざん,35.25361111111111,138.37805555555556,1726
篠井山,しのいさん,35.24777777777778,138.42638888888888,1394
高ドッキョウ,たかどっきょう,35.17861111111111,138.43805555555556,1133
竜爪山,りゅうそうざん,35.08833333333334,138.4036111111111,1051
久能山,くのうざん,34.96611111111111,138.46805555555557,216
茶臼山,ちゃうすやま,35.2275,137.65555555555557,1416
鷹ノ巣山,たかのすやま,35.152499999999996,137.49499999999998,1153
鳳来寺山,ほうらいじさん,34.98416666666667,137.58277777777778,695
本宮山,ほんぐうさん,34.90972222222222,137.42055555555555,789
猿投山,さなげやま,35.20583333333334,137.16694444444443,629
金華山,きんかざん,35.43333333333333,136.7813888888889,329
宝立山,ほうりゅうざん,37.42861111111111,137.1625,471
鉢伏山,はちぶせやま,37.37777777777778,136.97083333333333,544
石動山,せきどうさん,36.96555555555556,136.97083333333333,564
宝達山,ほうだつさん,36.78194444444444,136.81305555555556,637
二上山,ふたがみやま,36.79,137.01527777777778,274
牛岳,うしだけ,36.54111111111111,137.03166666666667,987
白木峰,しらきみね,36.41555555555556,137.11222222222221,1596
金剛堂山,こんごうどうざん,36.37888888888889,137.04888888888888,1650
人形山,にんぎょうやま,36.348888888888894,136.93972222222223,1726
三ヶ辻山,みつがつじやま,36.338055555555556,136.95,1764
猿ヶ馬場山,さるがばばやま,36.225833333333334,136.9427777777778,1875
御前岳,ごぜんだけ,36.198055555555555,136.96027777777778,1816
大雨見山,おおあまみやま,36.25333333333333,137.29861111111111,1336
位山,くらいやま,36.038333333333334,137.19666666666666,1529
川上岳,かおれだけ,36.00833333333333,137.14944444444444,1625
鷲ヶ岳,わしがたけ,35.94027777777777,136.9713888888889,1671
八乙女山,やおとめやま,36.54055555555556,136.98305555555555,756
高清水山,たかしょうずやま,36.477222222222224,136.9427777777778,1145
医王山<奥医王山>,いおうぜん<おくいおうぜん>,36.51277777777778,136.79611111111112,939
口三方岳,くちさんぼうだけ,36.373333333333335,136.71555555555554,1269
高三郎山,たかさぶろうやま,36.37111111111111,136.77361111111114,1445
大門山,だいもんざん,36.36527777777778,136.8036111111111,1572
大笠山,おおがさやま,36.32055555555556,136.78972222222222,1822
笈ヶ岳,おいずるがだけ,36.29861111111111,136.79222222222222,1841
三方岩岳,さんぽういわだけ,36.25805555555556,136.84444444444446,1736
三方崩山,さんぽうくずれやま,36.178888888888885,136.86027777777778,2059
七倉山,ななくらやま,36.17111111111111,136.75861111111112,2557
白山<御前峰>,はくさん<ごぜんがみね>,36.155,136.7713888888889,2702
白山釈迦岳,はくさんしゃかだけ,36.15222222222222,136.73555555555555,2053
別山,べっさん,36.105555555555554,136.76583333333335,2399
願教寺山,がんきょうじやま,36.05694444444444,136.7397222222222,1691
野伏ヶ岳,のぶせがだけ,36.01277777777778,136.73250000000002,1674
大日ヶ岳,だいにちがたけ,36.00138888888889,136.83777777777777,1709
赤兎山,あかうさぎやま,36.0675,136.66194444444446,1629
経ヶ岳,きょうがだけ,36.046388888888885,136.62194444444447,1625
鷲走ヶ岳,わっそうがたけ,36.26583333333333,136.61555555555555,1097
大日山,だいにちざん,36.161944444444444,136.49305555555554,1368
富士写ヶ岳,ふじしゃがだけ,36.18861111111111,136.36388888888888,942
浄法寺山,じょうほうじやま,36.125,136.39277777777778,1053
国見岳,くにみだけ,36.07916666666667,136.0838888888889,656
日野山,ひのさん,35.85916666666667,136.20749999999998,794
部子山,へこさん,35.88611111111111,136.43916666666667,1464
荒島岳,あらしまだけ,35.93416666666666,136.6013888888889,1523
平家岳,へいけがだけ,35.809999999999995,136.7188888888889,1442
高賀山,こうがさん,35.67194444444444,136.85916666666665,1224
屛風山,びょうぶざん,35.79694444444444,136.62666666666667,1354
姥ヶ岳,うばがたけ,35.809444444444445,136.50583333333333,1454
能郷白山,のうごうはくさん,35.7625,136.51416666666665,1617
冠山,かんむりやま,35.77972222222222,136.40944444444446,1257
三周ヶ岳,さんしゅうがたけ,35.683611111111105,136.3,1292
金糞岳,かなくそだけ,35.55,136.33722222222224,1317
伊吹山,いぶきやま,35.41777777777777,136.4063888888889,1377
霊仙山,りょうぜんざん,35.27916666666667,136.3813888888889,1094
笙ヶ岳,しょうがだけ,35.28361111111111,136.51111111111112,908
養老山,ようろうさん,35.26305555555555,136.52333333333334,859
御池岳,おいけだけ,35.17861111111111,136.415,1247
竜ヶ岳,りゅうがだけ,35.11944444444445,136.4452777777778,1099
御在所山,ございしょやま,35.02055555555555,136.41777777777776,1212
雨乞岳,あまごいだけ,35.02111111111111,136.38416666666666,1238
高畑山,たかはたやま,34.88972222222222,136.32083333333333,773
霊山,れいさん,34.81722222222223,136.26055555555556,766
経が峰,きょうがみね,34.76638888888889,136.37444444444446,819
笠取山,かさとりやま,34.73416666666667,136.29666666666665,842
武奈ヶ岳,ぶながだけ,35.264722222222225,135.89694444444444,1214
皆子山,みなこやま,35.202222222222225,135.83527777777778,971
蓬莱山,ほうらいさん,35.20944444444445,135.88583333333332,1174
比叡山<大比叡>,ひえいざん<だいひえい>,35.06583333333333,135.83444444444444,848
音羽山,おとわやま,34.97694444444445,135.85305555555556,593
三上山,みかみやま,35.050555555555555,136.03777777777776,432
鷲峰山,じゅうぶざん,34.830555555555556,135.90833333333333,682
笠置山,かさぎやま,34.75194444444445,135.95055555555555,324
若草山,わかくさやま,34.691111111111105,135.85444444444443,342
三輪山,みわやま,34.535,135.86694444444444,467
耳成山,みみなしやま,34.514722222222225,135.8052777777778,139
天香久山,あまのかぐやま,34.49583333333334,135.81833333333333,152
畝傍山,うねびやま,34.4925,135.78472222222223,199
生駒山,いこまやま,34.67833333333333,135.67888888888888,642
信貴山,しぎさん,34.61277777777778,135.66833333333332,437
二上山<雄岳>,にじょうさん<おだけ>,34.52583333333333,135.67749999999998,517
葛城山,かつらぎさん,34.45611111111111,135.6822222222222,959
金剛山,こんごうざん,34.419444444444444,135.67305555555555,1125
岩湧山,いわわきさん,34.37416666666667,135.5511111111111,897
葛城山,かつらぎさん,34.34805555555556,135.43444444444444,858
俎石山,そせきざん,34.30833333333333,135.20777777777778,420
堀坂山,ほっさかさん,34.54666666666667,136.43277777777777,757
尼ケ岳,あまがだけ,34.5575,136.21972222222223,957
倶留尊山,くろそやま,34.530833333333334,136.17027777777776,1037
局ヶ岳,つぼねがだけ,34.46055555555556,136.32694444444445,1029
三峰山,みうねやま,34.448611111111106,136.20638888888888,1235
高見山,たかみやま,34.42861111111111,136.08833333333334,1248
竜門岳,りゅうもんがだけ,34.440555555555555,135.89777777777778,904
朝熊ヶ岳,あさまがたけ,34.461111111111116,136.7813888888889,555
七洞岳,ななほらがたけ,34.37305555555555,136.51583333333335,778
迷岳,まよいだけ,34.35,136.20749999999998,1309
国見山,くにみやま,34.37583333333333,136.08666666666667,1419
池木屋山,いけごややま,34.316111111111105,136.12944444444446,1396
白鬚岳,しらひげだけ,34.293055555555554,136.04694444444445,1378
大台ヶ原山<日出ヶ岳>,おおだいがはらざん<ひのでがたけ>,34.18527777777778,136.10916666666665,1695
山上ヶ岳,さんじょうがたけ,34.2525,135.94111111111113,1719
大普賢岳,だいふげんだけ,34.22777777777778,135.96277777777777,1780
弥山,みせん,34.18,135.90944444444446,1895
八経ヶ岳,はっきょうがだけ,34.17361111111111,135.9075,1915
仏生嶽,ぶっしょうがだけ,34.13444444444444,135.91305555555556,1805
釈迦ヶ岳,しゃかがだけ,34.114444444444445,135.90305555555557,1800
涅槃岳,ねはんだけ,34.05833333333333,135.89694444444444,1376
笠捨山,かさすてやま,33.98277777777778,135.8983333333333,1353
玉置山,たまきやま,33.92666666666666,135.83166666666665,1077
高峰山,たかみねさん,34.03194444444444,136.1472222222222,1045
子ノ泊山,ねのとまりやま,33.794444444444444,135.93055555555554,907
龍門山,りゅうもんざん,34.238055555555555,135.4113888888889,756
生石ヶ峰,おいしがみね,34.105000000000004,135.33416666666668,870
白馬山,しらまやま,34.01583333333333,135.37222222222223,957
伯母子岳,おばこだけ,34.0775,135.65083333333334,1344
護摩壇山,ごまだんざん,34.0575,135.56694444444443,1372
牛廻山,うしまわしやま,33.94888888888889,135.6313888888889,1207
冷水山,ひやみずやま,33.899166666666666,135.65277777777777,1262
大塔山,おおとうざん,33.72694444444445,135.71388888888887,1122
法師山,ほうしやま,33.725833333333334,135.6652777777778,1121
那智山<烏帽子山>,なちさん<えぼしやま>,33.69611111111111,135.90083333333334,910
善司ノ森山,ぜんじのもりやま,33.593611111111116,135.54694444444445,591
野坂岳,のさかだけ,35.58972222222222,136.02472222222224,913
雲谷山,くもだにやま,35.55777777777777,135.945,786
久須夜ヶ岳,くすやがだけ,35.5575,135.7336111111111,619
百里ヶ岳,ひゃくりがだけ,35.391666666666666,135.81,931
飯盛山,はんせいざん,35.45194444444445,135.66,584
青葉山,あおばやま,35.505,135.48388888888888,693
頭巾山,とうきんざん,35.3775,135.53444444444443,871
長老ヶ岳,ちょうろうがだけ,35.30333333333333,135.4738888888889,917
桟敷ヶ岳,さじきがだけ,35.159166666666664,135.71722222222223,896
愛宕山,あたごやま,35.06027777777778,135.63416666666666,924
ポンポン山,ぽんぽんやま,34.93527777777778,135.6238888888889,679
妙見山,みょうけんさん,34.928888888888885,135.46722222222223,660
歌垣山,うたがきやま,34.97416666666667,135.47666666666666,553
剣尾山,けんびさん,35.00361111111111,135.4038888888889,784
三嶽,みたけ,35.12722222222222,135.24499999999998,793
白髪岳,しらがだけ,35.04611111111111,135.13472222222222,722
太鼓山,たいこやま,35.695277777777775,135.20416666666665,683
磯砂山,いさなごさん,35.54861111111111,135.03805555555556,661
大江山,おおえやま,35.45333333333333,135.10666666666665,832
東床尾山,ひがしとこのおさん,35.42194444444444,134.91583333333335,839
来日岳,くるひだけ,35.61194444444445,134.78555555555556,567
六甲山,ろっこうさん,34.778055555555554,135.26361111111112,931
摩耶山,まやさん,34.73305555555556,135.20416666666665,702
妙見山,みょうけんやま,34.49722222222222,134.94333333333333,522
諭鶴羽山,ゆづるはさん,34.235,134.81416666666667,608
粟鹿山,あわがやま,35.272777777777776,134.91555555555556,962
千ヶ峰,せんがみね,35.14472222222222,134.8838888888889,1005
笠形山,かさがたやま,35.064166666666665,134.83472222222224,939
久斗山,くとやま,35.62111111111111,134.5627777777778,650
蘇武岳,そぶがたけ,35.47083333333334,134.63805555555555,1074
妙見山,みょうけんやま,35.410555555555554,134.64388888888888,1139
藤無山,ふじなしやま,35.266666666666666,134.60055555555556,1139
段ヶ峰,だんがみね,35.19166666666666,134.7275,1103
雪彦山,せっぴこさん,35.07277777777778,134.6511111111111,915
扇ノ山,おうぎのせん,35.439722222222215,134.44083333333333,1310
鉢伏山,はちぶせやま,35.39527777777778,134.5363888888889,1222
氷ノ山,ひょうのせん,35.35388888888889,134.51388888888889,1510
三室山,みむろやま,35.236666666666665,134.46277777777777,1358
東山,とうせん,35.29222222222222,134.38305555555556,1388
沖ノ山,おきのやま,35.24805555555556,134.35666666666665,1318
後山,うしろやま,35.18694444444444,134.41111111111113,1344
那岐山,なぎさん,35.17166666666667,134.18027777777777,1255
書写山,しょしゃざん,34.89277777777778,134.6563888888889,371
白旗山,しらはたやま,34.90833333333333,134.38083333333333,440
八塔寺山,はっとうじさん,34.92305555555555,134.25222222222223,538
金山,かなやま,34.74472222222222,133.94083333333333,499
大平山,おおひらやま,34.89888888888889,133.70694444444445,698
大満寺山,だいまんじさん,36.25666666666667,133.33055555555555,608
焼火山,たくひやま,36.07472222222223,133.03194444444446,452
朝日山,あさひやま,35.507777777777775,132.9763888888889,344
鼻高山,はなたかせん,35.4125,132.75277777777777,536
高鉢山,たかはちやま,35.36027777777778,134.0511111111111,1203
花知ヶ仙,はなちがせん,35.25944444444445,133.975,1247
津黒山,つぐろせん,35.25194444444445,133.815,1118
蒜山<上蒜山>,ひるぜん<かみひるぜん>,35.325,133.66333333333333,1202
矢筈ヶ山,やはずがせん,35.38666666666666,133.58083333333332,1358
大山<剣ヶ峰>,だいせん<けんがみね>,35.37111111111111,133.54611111111112,1729
烏ヶ山,からすがせん,35.35583333333334,133.57027777777776,1448
毛無山,けなしがせん,35.23555555555556,133.51472222222222,1219
宝仏山,ほうぶつざん,35.22972222222222,133.47027777777777,1005
星山,ほしやま,35.14194444444444,133.6772222222222,1030
花見山,はなみやま,35.152499999999996,133.4011111111111,1188
大倉山,おおくらやま,35.13361111111111,133.3552777777778,1112
船通山,せんつうざん,35.155833333333334,133.1786111111111,1142
道後山,どうごやま,35.06944444444445,133.23277777777778,1271
比婆山<立烏帽子山>,ひばやま<たてえぼしやま>,35.05166666666666,133.06555555555556,1299
比婆山<烏帽子山>,ひばやま<えぼしやま>,35.07,133.05222222222224,1225
猿政山,さるまさやま,35.081388888888895,132.96777777777777,1268
大万木山,おおよろぎやま,35.087500000000006,132.85444444444443,1218
琴引山,ことびきさん,35.04805555555556,132.78250000000003,1013
三瓶山<男三瓶山>,さんべさん<おさんべさん>,35.14055555555556,132.62166666666667,1126
大江高山,おおえたかやま,35.06388888888888,132.4286111111111,808
星居山,ほしのこやま,34.74805555555556,133.22166666666666,834
岳山,だけやま,34.64888888888889,133.15666666666667,741
龍王山,りゅうおうさん,34.45583333333334,133.08333333333334,665
鷹ノ巣山,たかのすざん,34.566111111111105,132.7461111111111,922
白木山,しらきやま,34.521388888888886,132.57555555555555,889
呉娑々宇山,ごさそうざん,34.422777777777775,132.54777777777778,682
野呂山,のろさん,34.26222222222222,132.66611111111112,839
冠山,かんざん,34.9175,132.50194444444443,863
阿佐山,あさやま,34.78583333333333,132.3813888888889,1218
天狗石山,てんぐいしやま,34.79222222222222,132.3427777777778,1192
雲月山,うんげつやま,34.80222222222222,132.23888888888888,911
大佐山,おおさやま,34.74777777777778,132.20138888888889,1069
臥龍山,がりゅうざん,34.69,132.19666666666666,1223
深入山,しんにゅうざん,34.65,132.20666666666665,1153
恐羅漢山,おそらかんざん,34.595555555555556,132.12972222222223,1346
十方山,じっぽうざん,34.56527777777777,132.14222222222222,1328
大峯山,おおみねやま,34.41583333333333,132.21694444444444,1050
冠山,かんむりやま,34.468611111111116,132.07611111111112,1339
寂地山,じゃくちさん,34.467222222222226,132.05444444444444,1337
安蔵寺山,あぞうじやま,34.477222222222224,131.96722222222223,1263
小五郎山,こごろうさん,34.41694444444444,132.00861111111112,1162
羅漢山,らかんざん,34.355555555555554,132.06722222222223,1109
鈴ノ大谷山,すずのおおたにやま,34.376666666666665,131.83916666666667,1036
平家ヶ岳,へいけがだけ,34.318333333333335,131.8997222222222,1066
馬糞ヶ岳,ばふんがだけ,34.25055555555556,131.89638888888888,985
莇ヶ岳,あざみがだけ,34.3325,131.7777777777778,1004
青野山,あおのやま,34.46222222222222,131.79805555555555,907
十種ヶ峰,とくさがみね,34.43833333333333,131.6952777777778,989
高山,こうやま,34.65222222222222,131.61333333333332,533
西鳳翩山,にしほうべんざん,34.21083333333333,131.40944444444446,742
大平山,おおひらやま,34.07333333333334,131.6302777777778,631
桂木山,かつらぎさん,34.305277777777775,131.30277777777778,702
花尾山,はなおやま,34.28388888888889,131.2211111111111,669
天井ヶ岳,てんじょうがだけ,34.31111111111111,131.0427777777778,691
狗留孫山,くるそんざん,34.21472222222223,130.9763888888889,616
竜王山,りゅうおうざん,34.068333333333335,130.93583333333333,614
嶮岨山<星ヶ城山>,けんそざん<ほしがじょうやま>,34.515277777777776,134.3175,816
熊ヶ峰,くまがみね,34.43333333333333,133.36833333333334,438
鷲ヶ頭山,わしがとうざん,34.23916666666667,133.0213888888889,436
弥山,みせん,34.279444444444444,132.31944444444443,535
皇座山,おおざさん,33.85305555555556,132.14222222222222,526
五剣山,ごけんざん,34.361111111111114,134.14138888888888,375
大平山,おおひらやま,34.32972222222222,133.9525,479
飯野山,いいのやま,34.27444444444444,133.84583333333333,422
象頭山<大麻山>,ぞうずさん<おおさやま>,34.196666666666665,133.78861111111112,616
矢筈山,やはずやま,34.19416666666666,134.19666666666666,789
大滝山,おおたきやま,34.123333333333335,134.12694444444446,946
竜王山,りゅうおうざん,34.11555555555556,134.04833333333332,1060
大川山,だいせんざん,34.11527777777778,133.93972222222223,1043
雲辺寺山,うんぺんじさん,34.03527777777778,133.72305555555556,927
東三方ヶ森,ひがしさんぽうがもり,33.90277777777778,132.9597222222222,1233
高縄山,たかなわさん,33.94583333333333,132.85,986
眉山,びざん,34.06111111111111,134.51638888888888,290
中津峰山,なかつみねやま,33.962500000000006,134.50944444444445,773
太竜寺山,たいりゅうじやま,33.87416666666667,134.51972222222224,618
高越山,こうつざん,34.01722222222222,134.19583333333333,1133
雲早山,くもそうやま,33.905833333333334,134.29472222222222,1496
八面山,やつらやま,33.92333333333333,134.09972222222223,1312
剣山,つるぎさん,33.853611111111114,134.09416666666667,1955
剣山<丸笹山>,つるぎさん<まるざさやま>,33.87416666666667,134.09,1712
塔丸,とうのまる,33.86694444444444,134.03916666666666,1713
矢筈山,やはずさん,33.925,133.975,1849
中津山,なかつざん,33.92472222222222,133.84416666666667,1447
国見山,くにみざん,33.9075,133.78472222222223,1409
天狗塚,てんぐづか,33.82694444444445,133.94333333333333,1812
三嶺,みうね,33.839444444444446,133.98777777777775,1894
白髪山,しらがやま,33.809999999999995,133.99305555555554,1770
石立山,いしたてざん,33.78472222222222,134.055,1708
梶ヶ森,かじがもり,33.759166666666665,133.7513888888889,1400
甚吉森,じんきちもり,33.69472222222222,134.10999999999999,1423
天狗森,てんぐもり,33.61888888888889,134.06777777777776,1296
鐘ヶ龍森,かねがりゅうもり,33.54694444444444,134.08194444444445,1126
工石山,くいしやま,33.855555555555554,133.57999999999998,1516
白髪山,しらがやま,33.816111111111105,133.59083333333334,1469
稲叢山,いなむらやま,33.746944444444445,133.35916666666665,1506
工石山,くいしやま,33.66972222222222,133.50611111111112,1177
赤星山,あかぼしやま,33.919444444444444,133.45805555555555,1453
東赤石山,ひがしあかいしやま,33.875,133.375,1706
笹ヶ峰,ささがみね,33.82805555555556,133.27472222222224,1860
伊予富士,いよふじ,33.78805555555555,133.24805555555554,1756
瓶ヶ森,かめがもり,33.79472222222222,133.19333333333333,1897
石鎚山<天狗岳>,いしづちさん<てんぐだけ>,33.76777777777777,133.11499999999998,1982
二ノ森,にのもり,33.75861111111111,133.0938888888889,1930
筒上山,つつじょうざん,33.731944444444444,133.16111111111113,1860
石墨山,いしずみさん,33.73388888888889,132.98472222222222,1456
障子山,しょうじやま,33.70527777777778,132.76527777777778,885
壺神山,つぼがみやま,33.605555555555554,132.55472222222224,971
出石山,いずしやま,33.535,132.46527777777777,812
神南山,かんなんざん,33.5175,132.6327777777778,710
御在所山,ございしょざん,33.34388888888889,132.75583333333333,915
笠取山,かさとりやま,33.55555555555555,132.92249999999999,1562
中津山,なかつさん,33.57555555555556,133.04666666666665,1541
不入山,いらずやま,33.44083333333333,133.06305555555556,1336
蟠蛇森,ばんだがもり,33.441111111111105,133.25944444444445,770
鈴ヶ森,すずがもり,33.35638888888889,133.0511111111111,1054
五在所ノ峯,ございしょのみね,33.17722222222222,133.15083333333334,658
堂が森,どうがもり,33.16,132.87666666666667,857
高月山,たかつきやま,33.20861111111111,132.63472222222222,1229
三本杭,さんぼんぐい,33.18833333333333,132.63527777777776,1226
篠山,ささやま,33.05583333333333,132.65916666666666,1065
今ノ山,いまのやま,32.8575,132.85027777777776,868
足立山,あだちやま,33.85944444444445,130.91722222222222,598
貫山,ぬきさん,33.78055555555555,130.90944444444446,712
福智山,ふくちやま,33.742222222222225,130.8038888888889,901
犬ヶ岳,いぬがたけ,33.51222222222222,131.00166666666667,1131
英彦山,ひこさん,33.476111111111116,130.9261111111111,1199
馬見山,うまみやま,33.48638888888889,130.76777777777778,978
犬鳴山,いぬなきやま,33.68722222222222,130.54916666666668,584
三郡山,さんぐんざん,33.55555555555555,130.5838888888889,936
基山,きざん,33.44277777777778,130.5102777777778,404
脊振山,せふりさん,33.436388888888885,130.3686111111111,1055
浮嶽,うきだけ,33.47,130.0991666666667,805
天山,てんざん,33.33888888888889,130.14277777777778,1046
両子山,ふたごさん,33.58305555555556,131.60166666666666,720
鹿嵐山,かならせやま,33.43472222222222,131.25277777777777,758
鶴見岳,つるみだけ,33.28666666666666,131.4297222222222,1375
由布岳,ゆふだけ,33.282222222222224,131.39027777777778,1583
万年山,はねやま,33.231388888888894,131.13055555555556,1140
涌蓋山,わいたざん,33.14,131.16444444444446,1500
くじゅう連山<中岳>,くじゅうれんざん<なかだけ>,33.08583333333333,131.24888888888887,1791
くじゅう連山<黒岳>,くじゅうれんざん<くろだけ>,33.105555555555554,131.2927777777778,1587
くじゅう連山<大船山>,くじゅうれんざん<たいせんざん>,33.095,131.28055555555557,1786
くじゅう連山<三俣山>,くじゅうれんざん<みまたやま>,33.10388888888889,131.24638888888887,1744
くじゅう連山<星生山>,くじゅうれんざん<ほっしょうざん>,33.090833333333336,131.23250000000002,1762
くじゅう連山<久住山>,くじゅうれんざん<くじゅうさん>,33.08222222222223,131.2408333333333,1787
阿蘇山<高岳>,あそさん<たかだけ>,32.88444444444444,131.1038888888889,1592
阿蘇山<根子岳,あそさん<ねこだけ>,32.88361111111111,131.14444444444445,1433
阿蘇山<中岳>,あそさん<なかだけ>,32.88361111111111,131.09694444444446,1506
阿蘇山<杵島岳>,あそさん<きしまだけ>,32.8925,131.05805555555557,1326
阿蘇山<烏帽子岳>,あそさん<えぼしだけ>,32.87361111111111,131.05805555555557,1337
鷹取山,たかとりやま,33.30305555555555,130.7227777777778,802
釈迦岳,しゃかだけ,33.1875,130.88916666666665,1231
酒呑童子山,しゅてんどうじやま,33.096944444444446,130.90833333333333,1181
国見山,くにみやま,33.105555555555554,130.8175,1018
筒ヶ岳,つつがたけ,32.984722222222224,130.5275,501
金峰山,きんぼうざん,32.814166666666665,130.63888888888889,665
黒髪山,くろかみざん,33.21388888888889,129.90222222222224,516
国見山,くにみやま,33.23694444444445,129.8127777777778,776
虚空蔵山,こくぞうざん,33.09055555555556,129.92138888888888,609
多良岳<経ヶ岳>,たらだけ<きょうがだけ>,32.987500000000004,130.07638888888889,1076
多良岳,たらだけ,32.97555555555556,130.0927777777778,996
多良岳<五家原岳>,たらだけ<ごかはらだけ>,32.95805555555556,130.07666666666665,1057
雲仙岳<普賢岳>,うんぜんだけ<ふげんだけ>,32.76,130.29222222222222,1359
雲仙岳<平成新山>,うんぜんだけ<へいせいしんざん>,32.76138888888889,130.29888888888888,1483
長浦岳,ながうらだけ,32.91361111111111,129.7447222222222,561
八郎岳,はちろうだけ,32.67027777777778,129.8563888888889,590
御岳<雄岳>,みたけ<おだけ>,34.57194444444445,129.38166666666666,479
白嶽,しらたけ,34.26416666666667,129.2497222222222,518
有明山,ありあけやま,34.20444444444445,129.265,558
矢立山,やたてやま,34.177499999999995,129.22611111111112,648
山王山,さんのうざん,32.93333333333333,129.05305555555557,439
父ヶ岳,ててがたけ,32.69833333333333,128.6811111111111,460
佩楯山,はいだてさん,32.95305555555556,131.64583333333331,754
傾山,かたむきやま,32.83888888888889,131.47583333333333,1605
大崩山,おおくえやま,32.73777777777778,131.51305555555555,1644
行縢山,むかばきやま,32.62583333333333,131.57222222222222,830
祖母山,そぼさん,32.82805555555556,131.34694444444446,1756
古祖母山,ふるそぼさん,32.80277777777778,131.36444444444444,1633
諸塚山,もろつかやま,32.63472222222222,131.2875,1342
向坂山,むこうざかやま,32.57972222222222,131.105,1685
国見岳,くにみだけ,32.54722222222222,131.01833333333335,1739
上福根山,かみふくねやま,32.473333333333336,130.94694444444445,1646
江代山,えしろやま,32.370555555555555,131.07611111111112,1607
市房山,いちふさやま,32.31166666666666,131.1011111111111,1721
石堂山,いしどうやま,32.30027777777777,131.16777777777776,1547
尾鈴山,おすずやま,32.299166666666665,131.42666666666665,1405
仰烏帽子山,のけえぼしやま,32.37138888888889,130.7777777777778,1302
白髪岳,しらがだけ,32.150277777777774,130.94333333333333,1417
国見山,くにみやま,32.187777777777775,130.61416666666665,969
矢筈岳,やはずだけ,32.12277777777778,130.40055555555557,687
紫尾山,しびさん,31.980833333333333,130.3675,1067
鰐塚山,わにつかやま,31.76888888888889,131.26944444444445,1118
霧島山<韓国岳>,きりしまやま<からくにだけ>,31.934166666666666,130.86166666666665,1700
霧島山<新燃岳>,きりしまやま<しんもえだけ>,31.909444444444443,130.8863888888889,1421
霧島山<高千穂峰>,きりしまやま<たかちほのみね>,31.886388888888888,130.9188888888889,1574
高隈山<大箆柄岳>,たかくまやま<おおのがらだけ>,31.48611111111111,130.8186111111111,1236
高隈山<御岳>,たかくまやま<おんたけ>,31.460277777777776,130.82055555555556,1182
甫与志岳,ほよしだけ,31.264166666666668,130.98999999999998,967
稲尾岳,いなおだけ,31.123333333333335,130.88472222222222,930
御岳,おんたけ,31.592499999999998,130.65666666666667,1117
八重山,やえやま,31.734444444444446,130.44833333333332,677
冠岳,かんむりだけ,31.748611111111114,130.3311111111111,516
熊ヶ岳,くまがたけ,31.455277777777777,130.46388888888887,590
金峯山,きんぽうざん,31.467777777777776,130.38305555555556,636
野間岳,のまだけ,31.404444444444444,130.15833333333333,591
開聞岳,かいもんだけ,31.18,130.52833333333334,924
倉岳,くらだけ,32.42777777777778,130.32694444444445,682
角山,かどやま,32.39944444444444,130.0938888888889,526
尾岳,おたけ,31.723055555555554,129.73944444444444,604
天女ヶ倉,あまめがくら,30.74361111111111,131.05333333333334,238
硫黄岳,いおうだけ,30.793055555555558,130.3052777777778,704
櫓岳,やぐらだけ,30.828333333333333,129.9375,620
古岳,ふるだけ,30.443333333333335,130.21722222222223,657
宮之浦岳,みやのうらだけ,30.33611111111111,130.50416666666666,1936
永田岳,ながただけ,30.342777777777776,130.49249999999998,1886
モッチョム岳,もっちょむだけ,30.256666666666668,130.56416666666667,940
前岳,まえだけ,29.968055555555555,129.92555555555555,628
御岳,おんたけ,29.859166666666667,129.85694444444445,979
御岳,おたけ,29.903055555555554,129.54166666666666,497
御岳,おたけ,29.638333333333332,129.71388888888887,796
御岳,みたけ,29.465,129.59472222222223,584
イマキラ岳,いまきらだけ,29.144444444444446,129.20805555555555,292
横当島,よこあてじま,28.800833333333333,128.9947222222222,495
湯湾岳,ゆわんだけ,28.296111111111113,129.3211111111111,694
井之川岳,いのかわだけ,27.77861111111111,128.98305555555555,645
大山,おおやま,27.36916666666667,128.56666666666666,240
与那覇岳,よなはだけ,26.716944444444444,128.2186111111111,503
八重岳,やえだけ,26.635555555555555,127.92833333333334,453
恩納岳,おんなだけ,26.479444444444443,127.87472222222222,363
於茂登岳,おもとだけ,24.427222222222223,124.18333333333334,526
古見岳,こみだけ,24.359166666666667,123.89111111111112,469
宇良部岳,うらぶだけ,24.452777777777776,123.00555555555556,231
